{
    "software": {
        "engineering": {
            "user_queries": [
                "What is software engineering?",
                "Tell me about software engineering",
                "Explain software engineering",
                "Define software engineering"
            ],
            "bot_responses": [
                "Software engineering is a discipline that deals with the design, development, and maintenance of software systems.",
                "Software engineering is the process of building and maintaining software applications using systematic methods.",
                "It encompasses various phases, including requirements analysis, design, coding, testing, and maintenance.",
                "Software engineers follow best practices to ensure software quality, scalability, and reliability."
            ]
        },
        "design": {
            "user_queries": [
                "What is software design?",
                "Tell me about software design",
                "Explain software design",
                "Define software design"
            ],
            "bot_responses": [
                "Software design is the process of creating a plan for how a software system will be structured and organized.",
                "Software design involves making high-level decisions about the organization and architecture of a software application.",
                "Design decisions impact the software's functionality, user experience, and maintainability.",
                "Effective software design leads to efficient and robust software solutions."
            ]
        },
        "testing": {
            "user_queries": [
                "What is software testing?",
                "Tell me about software testing",
                "Explain software testing",
                "Define software testing"
            ],
            "bot_responses": [
                "Software testing is the process of evaluating a software application to identify and fix defects or issues.",
                "Software testing helps ensure that a software product meets quality and functionality standards.",
                "Testing involves various methods, such as unit testing, integration testing, and user acceptance testing.",
                "Quality assurance and test automation are important aspects of software testing."
            ]
        },
        "development": {
            "user_queries": [
                "What is software development?",
                "Tell me about software development",
                "Explain software development",
                "Define software development"
            ],
            "bot_responses": [
                "Software development is the process of creating and maintaining software applications and systems.",
                "It involves writing, testing, and maintaining the source code of a software product.",
                "Development methodologies, such as Agile and Waterfall, guide the software development process.",
                "Developers use programming languages and tools to build software solutions."
            ]
        },
        "architecture": {
            "user_queries": [
                "What is software architecture?",
                "Tell me about software architecture",
                "Explain software architecture",
                "Define software architecture"
            ],
            "bot_responses": [
                "Software architecture defines the high-level structure and organization of a software system.",
                "It includes decisions about components, interfaces, and the overall design of a software application.",
                "Architecture patterns like MVC, SOA, and microservices influence software design.",
                "Good software architecture ensures scalability, maintainability, and performance."
            ]
        },
        "agile": {
            "user_queries": [
                "What is agile software development?",
                "Tell me about agile methodology",
                "Explain agile in software development",
                "Define agile development"
            ],
            "bot_responses": [
                "Agile software development is an iterative and collaborative approach to building software.",
                "It prioritizes customer feedback, flexibility, and rapid development cycles.",
                "Scrum, Kanban, and XP are common Agile frameworks used by development teams.",
                "Agile practices include sprint planning, daily stand-ups, and continuous delivery."
            ]
        },
        "coding": {
            "user_queries": [
                "What is coding in software development?",
                "Explain programming in software engineering",
                "Define coding in software",
                "Tell me about writing code"
            ],
            "bot_responses": [
                "Coding is the process of writing and implementing instructions in a programming language to create software applications.",
                "It's a fundamental part of software development and involves writing source code to make software functional.",
                "Programmers use languages like Python, Java, C++, and more for coding tasks.",
                "Coding requires problem-solving skills and attention to detail."
            ]
        },
        "control": {
            "user_queries": [
                "What is version control?",
                "Explain version control systems",
                "Define version control in software engineering",
                "Tell me about source code management"
            ],
            "bot_responses": [
                "Version control is a system that helps track changes in software source code over time.",
                "It enables collaboration, history tracking, and the ability to revert to previous code versions.",
                "Popular version control systems include Git, Subversion, and Mercurial.",
                "Version control is essential for team-based software development projects."
            ]
        },
        "lifecycle": {
            "user_queries": [
                "What is the software development lifecycle?",
                "Explain the software development process",
                "Define software lifecycle in engineering",
                "Tell me about software project phases"
            ],
            "bot_responses": [
                "The software development lifecycle is the process of planning, creating, testing, and maintaining software from inception to retirement.",
                "It includes phases like requirements gathering, design, coding, testing, and deployment.",
                "Each phase has specific objectives and deliverables that contribute to the software's success.",
                "The choice of software development model (e.g., Waterfall, Agile) influences the lifecycle."
            ]
        },
        "debugging": {
            "user_queries": [
                "What is debugging in software?",
                "Explain the debugging process",
                "Define software debugging",
                "Tell me about finding software bugs"
            ],
            "bot_responses": [
                "Debugging is the process of identifying and fixing errors or bugs in software code.",
                "It helps ensure the software works as intended and meets quality standards.",
                "Debugging techniques include code inspection, testing, and using debugging tools.",
                "A thorough debugging process is essential for reliable software."
            ]
        },
        "security": {
            "user_queries": [
                "What is software security?",
                "Explain software security practices",
                "Define software security in engineering",
                "Tell me about protecting software from threats"
            ],
            "bot_responses": [
                "Software security involves protecting software from unauthorized access, data breaches, and vulnerabilities.",
                "It includes practices like encryption, authentication, and vulnerability scanning.",
                "Security measures are crucial to safeguard sensitive data and prevent cyberattacks.",
                "Security awareness and best practices are essential for secure software development."
            ]
        },
        "experience": {
            "user_queries": [
                "What is user experience (UX) design in software?",
                "Explain UX design principles",
                "Define UX design in software engineering",
                "Tell me about designing software for user satisfaction"
            ],
            "bot_responses": [
                "User experience (UX) design focuses on creating software that provides a positive and enjoyable interaction for users.",
                "It includes principles like usability, accessibility, and user-centered design.",
                "UX designers conduct research, create wireframes, and conduct usability testing to enhance user satisfaction.",
                "Good UX design contributes to user retention and product success."
            ]
        },
        "databases": {
            "user_queries": [
                "What are databases in software development?",
                "Explain database management systems (DBMS)",
                "Define databases in software engineering",
                "Tell me about storing and retrieving data in software"
            ],
            "bot_responses": [
                "Databases are organized collections of data used for efficient storage, retrieval, and management.",
                "Database management systems (DBMS) facilitate data handling, querying, and data integrity.",
                "Relational databases like MySQL and NoSQL databases like MongoDB are common choices for software applications.",
                "Efficient database design is crucial for application performance and data consistency."
            ]
        },
        "web": {
            "user_queries": [
                "What is web development in software engineering?",
                "Explain web application development",
                "Define web development for software",
                "Tell me about building websites and web applications"
            ],
            "bot_responses": [
                "Web development involves creating websites and web applications for the internet and intranets.",
                "It covers frontend development (client-side) and backend development (server-side).",
                "Web developers use technologies like HTML, CSS, JavaScript, and server frameworks like Node.js or Ruby on Rails.",
                "Responsive design, performance optimization, and security are key considerations in web development."
            ]
        },
        "mobile": {
            "user_queries": [
                "What is mobile app development?",
                "Explain mobile application development",
                "Define app development in software engineering",
                "Tell me about creating mobile apps"
            ],
            "bot_responses": [
                "Mobile app development is the process of designing and building applications for mobile devices like smartphones and tablets.",
                "It includes developing apps for iOS, Android, and other mobile platforms.",
                "Developers use programming languages like Swift, Java, and Kotlin for mobile app development.",
                "User interface (UI) design, performance optimization, and app store guidelines are important in mobile app development."
            ]
        },
        "cloud": {
            "user_queries": [
                "What is cloud computing in software?",
                "Explain cloud services and platforms",
                "Define cloud technology in software engineering",
                "Tell me about using cloud for software solutions"
            ],
            "bot_responses": [
                "Cloud computing is the delivery of computing services over the internet, offering scalability and flexibility for software solutions.",
                "It includes Infrastructure as a Service (IaaS), Platform as a Service (PaaS), and Software as a Service (SaaS).",
                "Cloud platforms like AWS, Azure, and Google Cloud provide cloud services for hosting applications and data.",
                "Cloud computing is cost-effective, supports global accessibility, and reduces infrastructure management overhead."
            ]
        },
        "machine": {
            "user_queries": [
                "What is machine learning in software?",
                "Explain ML algorithms and models",
                "Define machine learning in software engineering",
                "Tell me about using AI for software"
            ],
            "bot_responses": [
                "Machine learning is a subset of artificial intelligence (AI) that enables software to learn and make predictions from data.",
                "It involves training ML models using data to recognize patterns, classify, or make decisions.",
                "ML algorithms include supervised, unsupervised, and reinforcement learning.",
                "Machine learning applications include recommendation systems, image recognition, and natural language processing (NLP)."
            ]
        },
        "devops": {
            "user_queries": [
                "What is DevOps in software development?",
                "Explain DevOps principles and practices",
                "Define DevOps in software engineering",
                "Tell me about integrating development and operations"
            ],
            "bot_responses": [
                "DevOps is a set of practices that combine software development (Dev) and IT operations (Ops) to enhance software delivery and quality.",
                "It emphasizes automation, collaboration, and continuous integration/continuous delivery (CI/CD).",
                "DevOps tools include Docker, Kubernetes, Jenkins, and Ansible for automating deployment and infrastructure management.",
                "DevOps aims to reduce development cycle time and improve software stability."
            ]
        },
        "science": {
            "user_queries": [
                "What is data science in software?",
                "Explain data analysis and modeling",
                "Define data science in software engineering",
                "Tell me about extracting insights from data"
            ],
            "bot_responses": [
                "Data science involves analyzing, interpreting, and extracting valuable insights from data using scientific methods and algorithms.",
                "It includes data collection, data cleaning, statistical analysis, and machine learning for predictive modeling.",
                "Data scientists use tools like Python, R, and libraries like TensorFlow and Pandas for data analysis.",
                "Data science is vital for data-driven decision-making and business intelligence."
            ]
        },
        "cyber": {
            "user_queries": [
                "What is cybersecurity in software?",
                "Explain cybersecurity practices",
                "Define cybersecurity in engineering",
                "Tell me about protecting software from cyber threats"
            ],
            "bot_responses": [
                "Cybersecurity is the practice of protecting software and systems from cyber threats, including malware, hacking, and data breaches.",
                "It involves measures like firewalls, intrusion detection systems, and encryption to safeguard sensitive data.",
                "Cybersecurity professionals use ethical hacking and vulnerability assessments to find and fix security weaknesses.",
                "Cybersecurity awareness and training are essential for securing software."
            ]
        },
        "frontend": {
            "user_queries": [
                "What are frontend frameworks in software?",
                "Explain frontend development tools",
                "Define frontend frameworks in software engineering",
                "Tell me about building frontend applications"
            ],
            "bot_responses": [
                "Frontend frameworks are sets of pre-written code used to simplify and accelerate the development of the user interface of software applications.",
                "They provide tools, libraries, and components for creating responsive and interactive web interfaces.",
                "Examples of frontend frameworks include React, Angular, and Vue.js.",
                "Frontend development involves HTML, CSS, and JavaScript to build user-friendly interfaces."
            ]
        },
        "backend": {
            "user_queries": [
                "What are backend frameworks in software?",
                "Explain backend development tools",
                "Define backend frameworks in software engineering",
                "Tell me about building server-side applications"
            ],
            "bot_responses": [
                "Backend frameworks are sets of pre-written code used to simplify and accelerate the development of server-side applications.",
                "They provide tools for handling data, managing user authentication, and handling server requests.",
                "Examples of backend frameworks include Express, Django, and Ruby on Rails.",
                "Backend development involves creating the server-side logic and APIs that power software applications."
            ]
        },
        "relational": {
            "user_queries": [
                "What are relational databases in software?",
                "Explain relational database management systems (DBMS)",
                "Define relational databases in software engineering",
                "Tell me about storing structured data"
            ],
            "bot_responses": [
                "Relational databases are a type of database that use a structured approach to store and manage data.",
                "Relational Database Management Systems (DBMS) like MySQL and PostgreSQL provide tools for creating and managing these databases.",
                "They use tables with rows and columns to store structured data, making them suitable for many applications.",
                "Designing effective relational databases is essential for maintaining data consistency and integrity."
            ]
        },
        "no-sql": {
            "user_queries": [
                "What are NoSQL databases in software?",
                "Explain NoSQL database management systems (DBMS)",
                "Define NoSQL databases in software engineering",
                "Tell me about storing unstructured data"
            ],
            "bot_responses": [
                "NoSQL databases are a type of database that use a flexible, unstructured approach to store and manage data.",
                "NoSQL Database Management Systems (DBMS) like MongoDB and Cassandra are commonly used for these databases.",
                "They can handle unstructured or semi-structured data, making them suitable for big data and real-time applications.",
                "NoSQL databases are known for their scalability and speed."
            ]
        },
        "blockchain": {
            "user_queries": [
                "What is blockchain in software?",
                "Explain blockchain technology",
                "Define blockchain in software engineering",
                "Tell me about decentralized and secure ledgers"
            ],
            "bot_responses": [
                "Blockchain is a distributed ledger technology that records transactions across multiple computers in a way that is tamper-resistant and secure.",
                "It is the underlying technology for cryptocurrencies like Bitcoin and has applications beyond finance, such as supply chain management and voting systems.",
                "Blockchains use cryptographic techniques to ensure data integrity and create a trustless environment.",
                "Blockchain has the potential to revolutionize various industries."
            ]
        },
        "artificial": {
            "user_queries": [
                "What is artificial intelligence in software?",
                "Explain AI algorithms and models",
                "Define artificial intelligence in software engineering",
                "Tell me about intelligent software and machine learning"
            ],
            "bot_responses": [
                "Artificial intelligence (AI) refers to software and systems that can perform tasks that typically require human intelligence, such as problem-solving and learning.",
                "AI algorithms and models encompass machine learning, deep learning, natural language processing, and more.",
                "AI finds applications in areas like image recognition, chatbots, recommendation systems, and autonomous vehicles.",
                "AI has the potential to transform industries and improve automation."
            ]
        },
        "interface": {
            "user_queries": [
                "What is user interface (UI) design in software?",
                "Explain UI design principles",
                "Define UI design in software engineering",
                "Tell me about designing software interfaces for user interaction"
            ],
            "bot_responses": [
                "User interface (UI) design focuses on creating visually appealing and user-friendly interfaces for software applications.",
                "It includes principles like consistency, simplicity, and visual hierarchy to enhance usability.",
                "UI designers use tools like Sketch, Figma, and Adobe XD to create interface mockups and prototypes.",
                "Effective UI design enhances user satisfaction and usability."
            ]
        },
        "gamification": {
            "user_queries": [
                "What is gamification in software?",
                "Explain gamification techniques",
                "Define gamification in software engineering",
                "Tell me about incorporating game elements into software"
            ],
            "bot_responses": [
                "Gamification is the use of game design elements in non-game contexts to engage and motivate users.",
                "It includes techniques like points, badges, leaderboards, and rewards to make tasks more enjoyable and interactive.",
                "Gamification can be used in e-learning, fitness apps, and marketing to increase user engagement.",
                "Effective gamification can enhance user participation and motivation."
            ]
        },
        "virtual": {
            "user_queries": [
                "What is virtual reality (VR) in software?",
                "Explain VR technology",
                "Define virtual reality in software engineering",
                "Tell me about immersive and simulated environments"
            ],
            "bot_responses": [
                "Virtual reality (VR) involves the use of computer technology to create simulated, immersive environments that users can interact with.",
                "VR typically requires a VR headset or other equipment to experience a 3D, computer-generated world.",
                "Applications of VR include gaming, training simulations, and virtual tours of real-world places.",
                "VR provides a unique and immersive user experience."
            ]
        },
        "augmented": {
            "user_queries": [
                "What is augmented reality (AR) in software?",
                "Explain AR technology",
                "Define augmented reality in software engineering",
                "Tell me about overlaying digital information on the real world"
            ],
            "bot_responses": [
                "Augmented reality (AR) is a technology that overlays digital information, such as images or data, onto the real world.",
                "AR applications often use smartphones or AR glasses to blend digital and physical elements.",
                "AR has applications in gaming, navigation, and enhancing user experiences in various industries.",
                "AR can enrich user interactions with the physical world."
            ]
        },
        "ethics": {
            "user_queries": [
                "What is cyber ethics in software?",
                "Explain ethical considerations in software development",
                "Define cyber ethics in software engineering",
                "Tell me about responsible and ethical software practices"
            ],
            "bot_responses": [
                "Cyber ethics involves considering the moral and ethical implications of software development and use.",
                "It includes issues like privacy, security, data ethics, and responsible AI.",
                "Developers and organizations should prioritize ethical practices and protect user rights and data.",
                "Cyber ethics is essential for responsible software development."
            ]
        },
        "legal": {
            "user_queries": [
                "What are legal and compliance considerations in software?",
                "Explain software compliance practices",
                "Define legal and compliance issues in software engineering",
                "Tell me about adhering to laws and regulations in software development"
            ],
            "bot_responses": [
                "Legal and compliance considerations in software involve adhering to laws and regulations that affect software development and use.",
                "It includes issues like copyright, data protection, and accessibility compliance.",
                "Organizations must ensure their software complies with relevant legal and industry-specific regulations.",
                "Legal and compliance practices are crucial for avoiding legal issues and protecting users."
            ]
        }
    },
    "java": {
        "core": {
            "user_queries": [
                "What is Java core?",
                "Tell me about Java core",
                "Explain Java core",
                "Define Java core"
            ],
            "bot_responses": [
                "Java core refers to the fundamental components and libraries of the Java programming language.",
                "It includes basic functionalities like data types, control structures, and core libraries.",
                "Understanding Java core is essential for building Java applications.",
                "Java core provides the foundation for more advanced Java development."
            ]
        },
        "advanced": {
            "user_queries": [
                "What is advanced Java?",
                "Tell me about advanced Java",
                "Explain advanced Java",
                "Define advanced Java"
            ],
            "bot_responses": [
                "Advanced Java refers to the more specialized and complex areas of Java programming.",
                "It includes topics like servlets, JSP, JDBC, and enterprise-level Java development.",
                "Advanced Java is used for building robust and scalable Java applications.",
                "Developers often explore advanced Java after mastering the core concepts."
            ]
        },
        "spring": {
            "user_queries": [
                "What is Spring Framework?",
                "Tell me about Spring in Java",
                "Explain Spring Framework",
                "Define Spring Framework in Java"
            ],
            "bot_responses": [
                "Spring Framework is a comprehensive framework for Java development.",
                "It simplifies Java development and promotes good design practices.",
                "Spring provides modules for various functionalities like dependency injection, AOP, and MVC.",
                "Developers use Spring to build scalable and maintainable Java applications."
            ]
        },
        "hibernate": {
            "user_queries": [
                "What is Hibernate in Java?",
                "Tell me about Java Hibernate",
                "Explain Hibernate Framework",
                "Define Hibernate in Java"
            ],
            "bot_responses": [
                "Hibernate is an object-relational mapping (ORM) framework for Java.",
                "It simplifies database interactions in Java applications.",
                "Hibernate provides a way to map Java objects to database tables and vice versa.",
                "Developers use Hibernate for efficient and object-oriented database operations."
            ]
        },
        "maven": {
            "user_queries": [
                "What is Apache Maven?",
                "Tell me about Maven in Java",
                "Explain Apache Maven",
                "Define Maven build tool"
            ],
            "bot_responses": [
                "Apache Maven is a widely-used build automation and project management tool in Java.",
                "It manages project dependencies, builds, and documentation.",
                "Maven uses a Project Object Model (POM) to describe project configurations.",
                "Developers use Maven to streamline the build process and manage project lifecycles."
            ]
        },
        "javaee": {
            "user_queries": [
                "What is Java EE (Enterprise Edition)?",
                "Tell me about Java EE",
                "Explain Java Enterprise Edition",
                "Define Java EE in enterprise Java development"
            ],
            "bot_responses": [
                "Java EE, now Jakarta EE, is a set of specifications for enterprise Java development.",
                "It provides APIs for developing large-scale, distributed, and enterprise-level Java applications.",
                "Java EE includes technologies like Servlets, JSP, EJB, JPA, and more.",
                "Developers use Java EE for building robust and scalable enterprise applications."
            ]
        },
        "android": {
            "user_queries": [
                "What is Android development in Java?",
                "Tell me about Java Android development",
                "Explain Android app development in Java",
                "Define Java development for Android"
            ],
            "bot_responses": [
                "Android development in Java involves building applications for the Android operating system.",
                "Java is one of the primary languages used for Android app development.",
                "Developers use Android SDK and Java to create mobile apps for smartphones and tablets.",
                "Java's portability and flexibility make it a popular choice for Android development."
            ]
        },
        "rest": {
            "user_queries": [
                "What is RESTful web services in Java?",
                "Tell me about Java REST APIs",
                "Explain REST architecture in Java",
                "Define RESTful services in Java"
            ],
            "bot_responses": [
                "RESTful web services in Java follow the principles of Representational State Transfer (REST).",
                "They enable communication between different systems over HTTP.",
                "Java frameworks like Spring Boot are commonly used to develop RESTful APIs.",
                "Developers use RESTful services for building scalable and interoperable web applications."
            ]
        },
        "threading": {
            "user_queries": [
                "What is threading in Java?",
                "Tell me about Java multithreading",
                "Explain thread handling in Java",
                "Define concurrency in Java"
            ],
            "bot_responses": [
                "Threading in Java refers to the concurrent execution of multiple threads in a Java program.",
                "Multithreading allows for parallel execution, improving application performance.",
                "Java provides built-in support for multithreading through the java.lang.Thread class.",
                "Developers use threading to implement concurrent and efficient Java applications."
            ]
        },
        "junit": {
            "user_queries": [
                "What is JUnit in Java?",
                "Tell me about Java unit testing with JUnit",
                "Explain JUnit framework in Java",
                "Define JUnit testing for Java applications"
            ],
            "bot_responses": [
                "JUnit is a widely-used testing framework for Java applications.",
                "It supports the creation and execution of unit tests for Java code.",
                "Developers use JUnit to ensure the correctness of individual units (methods) in their code.",
                "JUnit facilitates automated testing and test-driven development (TDD) in Java."
            ]
        },
        "serialization": {
            "user_queries": [
                "What is serialization in Java?",
                "Tell me about Java object serialization",
                "Explain serialization and deserialization in Java",
                "Define serialization for Java objects"
            ],
            "bot_responses": [
                "Serialization in Java is the process of converting objects into a byte stream.",
                "It enables the storage, transmission, and reconstruction of Java objects.",
                "Java provides the java.io.Serializable interface for implementing serialization.",
                "Developers use serialization for scenarios like object persistence and network communication."
            ]
        },
        "lambda": {
            "user_queries": [
                "What are lambda expressions in Java?",
                "Tell me about Java lambda functions",
                "Explain lambda expressions and functional programming in Java",
                "Define lambda in Java programming"
            ],
            "bot_responses": [
                "Lambda expressions in Java provide a concise way to express functional interfaces.",
                "They facilitate the implementation of functional programming concepts in Java.",
                "Lambda expressions reduce boilerplate code and enhance code readability.",
                "Developers use lambda expressions for cleaner and more expressive Java code."
            ]
        },
        "collections": {
            "user_queries": [
                "What are collections in Java?",
                "Tell me about Java collection framework",
                "Explain data structures and collections in Java",
                "Define collection classes in Java"
            ],
            "bot_responses": [
                "Collections in Java refer to the framework that provides interfaces and classes for data storage and manipulation.",
                "The Java Collection Framework includes interfaces like List, Set, and Map.",
                "Developers use collection classes to efficiently organize and manage groups of objects in Java.",
                "Understanding collections is crucial for effective data handling in Java applications."
            ]
        },
        "gui": {
            "user_queries": [
                "What is GUI programming in Java?",
                "Tell me about Java graphical user interface development",
                "Explain Java GUI components",
                "Define graphical user interface in Java"
            ],
            "bot_responses": [
                "GUI programming in Java involves creating visual interfaces for Java applications.",
                "Java provides libraries like Swing and JavaFX for building graphical user interfaces.",
                "Developers use GUI components like buttons, panels, and frames to design interactive Java applications.",
                "Creating intuitive and user-friendly GUIs is important for a positive user experience."
            ]
        },
        "file": {
            "user_queries": [
                "What is file handling in Java?",
                "Tell me about Java file I/O operations",
                "Explain reading and writing files in Java",
                "Define file handling in Java programming"
            ],
            "bot_responses": [
                "File handling in Java involves performing input and output operations on files.",
                "Java provides classes like FileReader and FileWriter for reading from and writing to files.",
                "Developers use file handling to manipulate data stored in files within Java applications.",
                "Understanding file handling is essential for data persistence and retrieval."
            ]
        },
        "designpatterns": {
            "user_queries": [
                "What are design patterns in Java?",
                "Tell me about Java design patterns",
                "Explain common design patterns in Java programming",
                "Define software design patterns in Java"
            ],
            "bot_responses": [
                "Design patterns in Java are reusable solutions to common problems in software design.",
                "They provide templates for solving recurring design challenges.",
                "Java design patterns include creational, structural, and behavioral patterns.",
                "Developers use design patterns to create flexible, maintainable, and scalable software architectures."
            ]
        },
        "database": {
            "user_queries": [
                "What is database connectivity in Java?",
                "Tell me about Java database programming",
                "Explain JDBC in Java",
                "Define connecting Java to databases"
            ],
            "bot_responses": [
                "Database connectivity in Java involves establishing connections between Java applications and databases.",
                "Java Database Connectivity (JDBC) is a Java-based API for connecting and interacting with databases.",
                "Developers use JDBC to perform database operations like querying and updating data.",
                "Understanding database connectivity is essential for Java applications that interact with databases."
            ]
        },
        "sockets": {
            "user_queries": [
                "What are sockets in Java?",
                "Tell me about Java socket programming",
                "Explain network communication with sockets in Java",
                "Define socket programming in Java"
            ],
            "bot_responses": [
                "Sockets in Java enable communication between applications over a network.",
                "Java provides classes like Socket and ServerSocket for socket programming.",
                "Developers use socket programming to implement networked applications in Java.",
                "Understanding sockets is important for building distributed and networked Java systems."
            ]
        },
        "logging": {
            "user_queries": [
                "What is logging in Java?",
                "Tell me about Java logging frameworks",
                "Explain logging best practices in Java",
                "Define logging in Java applications"
            ],
            "bot_responses": [
                "Logging in Java involves recording information about the execution of a Java application.",
                "Java logging frameworks like Log4j and java.util.logging facilitate logging.",
                "Developers use logging to track errors, monitor application behavior, and aid in debugging.",
                "Implementing effective logging is crucial for maintaining and troubleshooting Java applications."
            ]
        },
        "security": {
            "user_queries": [
                "What is security in Java programming?",
                "Tell me about Java security features",
                "Explain secure coding practices in Java",
                "Define security considerations in Java applications"
            ],
            "bot_responses": [
                "Security in Java programming involves implementing measures to protect against threats and vulnerabilities.",
                "Java provides security features like access control, cryptography, and secure coding guidelines.",
                "Developers follow best practices to ensure the security of Java applications.",
                "Addressing security concerns is essential for building robust and secure Java systems."
            ]
        },
        "performance": {
            "user_queries": [
                "What is performance optimization in Java?",
                "Tell me about Java performance tuning",
                "Explain optimizing Java code for better performance",
                "Define performance considerations in Java applications"
            ],
            "bot_responses": [
                "Performance optimization in Java involves enhancing the speed and efficiency of Java applications.",
                "Java performance tuning includes optimizing algorithms, memory usage, and resource utilization.",
                "Developers use profiling tools and techniques to identify and address performance bottlenecks.",
                "Optimizing performance is important for delivering responsive and scalable Java applications."
            ]
        }
    }
}
